序号,元器件,规格/搜索关键词,数量,单位,参考单价(元),参考小计(元),采购批次,用途,备注
1,开发板,ESP32-S3-DevKitC-1 N16R8 (模组 ESP32-S3-WROOM-1-N16R8),1,块,45~70,55,①,全部需求,必须 N16R8；16MB Flash + 8MB Octal PSRAM
2,USB数据线,与开发板接口匹配 USB-C 或 Micro-USB,1,条,5~12,8,①,烧录+供电,必须是数据线，只充电的线电脑认不到串口
3,OLED屏,0.96寸 OLED SSD1306 128x64 I2C 4针,1,个,8~15,11,①,需求② 显示温湿度与设备状态,地址通常 0x3C；0x3D 也已支持自动回退
4,温湿度模块,SHT30 模块 I2C 0x44（省钱可选 AHT20 0x38）,1,个,6~18,12,①,需求② 采集+播报,代码自动识别 0x44 / 0x38
5,杜邦线,母-母 40根 + 公-母 40根,1,套,8~15,12,①,全部接线,20~22AWG 更好，普通杜邦线过 2A 会发热
6,面包板,MB-102 面包板 830孔,1,块,5~10,7,①,调试搭电路,大电流部分不要走面包板
7,WS2812B灯带,WS2812B 5V 60灯/米 裸板 IP30,2,米,15~25,40,②,需求④ 四路灯,共120颗剪成4条各30颗；全白最坏 120×60mA=7.2A
8,舵机,SG90（够用）或 MG90S 金属齿（推荐）,3,个,7~18,35,②,需求①③⑤ 窗帘/窗户/门,必须独立 5V 供电 + 与开发板共地
9,独立5V电源,5V 10A 开关电源 50W（螺丝端子+打嗝式过流保护）,1,个,40~70,55,②,舵机+灯带+风扇供电,★最关键；最坏需9.8A故选10A，不能用开发板5V引脚
10,雨滴传感器,雨滴传感器模块 带 AO 模拟输出,1,个,3~6,4,②,需求③ 下雨关窗,代码约定"越湿电压越低"；相反需改 sensor.c
11,光照模块,BH1750 模块（推荐）；省钱：GL5528 光敏电阻+10kΩ,1,个,3~8,6,②,需求① 光照联动,换 BH1750 后阈值需重新标定
12,风扇,5V DC 风扇 2线（方案A）或 12V 4线 PWM 风扇（方案B）,1,个,10~30,18,②,需求② 高温开风扇,方案A 单电源；方案B 需另配 12V 电源
13,MOS管模块,AO3400 MOS管模块 或 IRLZ44N,2,个,3~5,8,②,需求② 风扇 PWM 调速,要 3.3V 可完全导通的逻辑电平型号
14,电解电容,1000uF 16V,5,个,0.5~1,4,②,舵机/灯带去耦抗浪涌,靠近负载安装
15,陶瓷电容,0.1uF 50V 独石电容,10,个,0.1~0.3,2,②,就近去耦,与 1000uF 并联
16,电阻,4.7kΩ ×10（I2C上拉）+ 330Ω ×10（灯带串阻）,1,套,2~4,3,②,上拉+抑制反射,多数成品模块已带 4.7kΩ
17,轻触按键,6x6x5 轻触按键,5,个,0.2~0.5,2,②,需求④ 本地按键,接 GPIO10 / GPIO11 到 GND
18,接线端子,KF301 螺丝端子 或 XH2.54 端子线,1,套,5~12,8,②,灯带/舵机电源,大电流别只用杜邦线
19,语音模块,SU-03T（便宜）或 ASRPRO（更稳）,1,个,15~35,22,②,需求⑥ 语音交互,模块没到可用串口 say 命令等价验证
20,电平转换模块,74HCT245 电平转换模块,1,个,4~8,6,②,灯带数据 3.3V→5V,数据线短于 30cm 可先不加
21,12V电源,12V 2A 适配器（仅选方案B 时需要）,1,个,18~30,24,②,12V 4线风扇供电,仍必须与开发板共地
